TRUNCATE TABLE public.attendance_records, public.sessions, public.enrollments, public.courses, public.users CASCADE;

INSERT INTO public.users (full_name,email,hashed_password,"role",date_of_birth,student_code,face_embedding,url_pic) VALUES
	 ('Quản Trị Viên','admin@tdtu.edu.vn','$2b$12$FFeFMt6JLJDql4gpQzFGG.qutphtrG1d8HUv44UtCO/LgcpsM2ZoG','admin',NULL,'admin',NULL,NULL),
	 ('Giảng viên Khoa CNTT','teacher@tdtu.edu.vn','$2b$12$XJwFNXnaAGwYgP3IYF3ewOTJKhXhBUtg8/H4mqYlYFU6KZCgHEhX.','teacher',NULL,'GV001',NULL,NULL),
	 ('Nguyễn Văn An','52406145@student.tdtu.edu.vn','$2b$12$VeQh52Kl3yNvyARogK5lL.RoO5Dx5sDLQFTWmW6NfBXlbLTEYosri','student','2006-12-14','52406145',NULL,NULL),
	 ('Lê Thị Bình','52404073@student.tdtu.edu.vn','$2b$12$VeQh52Kl3yNvyARogK5lL.RoO5Dx5sDLQFTWmW6NfBXlbLTEYosri','student','2006-01-01','52404073',NULL,NULL),
	 ('Trần Minh Cường','52402285@student.tdtu.edu.vn','$2b$12$VeQh52Kl3yNvyARogK5lL.RoO5Dx5sDLQFTWmW6NfBXlbLTEYosri','student','2006-10-01','52402285',NULL,NULL),
	 ('Phạm Hoàng Dung','52406844@student.tdtu.edu.vn','$2b$12$VeQh52Kl3yNvyARogK5lL.RoO5Dx5sDLQFTWmW6NfBXlbLTEYosri','student','2006-06-13','52406844',NULL,NULL),
	 ('Hoàng Anh Tuấn','52404242@student.tdtu.edu.vn','$2b$12$VeQh52Kl3yNvyARogK5lL.RoO5Dx5sDLQFTWmW6NfBXlbLTEYosri','student','2006-08-09','52404242',NULL,NULL),
	 ('Đặng Thu Thảo','52402434@student.tdtu.edu.vn','$2b$12$VeQh52Kl3yNvyARogK5lL.RoO5Dx5sDLQFTWmW6NfBXlbLTEYosri','student','2006-06-25','52402434',NULL,NULL),
	 ('Bùi Tiến Dũng','52407810@student.tdtu.edu.vn','$2b$12$VeQh52Kl3yNvyARogK5lL.RoO5Dx5sDLQFTWmW6NfBXlbLTEYosri','student','2006-06-02','52407810',NULL,NULL),
	 ('Ngô Thanh Vân','52407871@student.tdtu.edu.vn','$2b$12$VeQh52Kl3yNvyARogK5lL.RoO5Dx5sDLQFTWmW6NfBXlbLTEYosri','student','2006-03-03','52407871',NULL,NULL);
INSERT INTO public.users (full_name,email,hashed_password,"role",date_of_birth,student_code,face_embedding,url_pic) VALUES
	 ('Đỗ Hùng Dũng','52402129@student.tdtu.edu.vn','$2b$12$VeQh52Kl3yNvyARogK5lL.RoO5Dx5sDLQFTWmW6NfBXlbLTEYosri','student','2006-12-10','52402129',NULL,NULL),
	 ('Võ Minh Thuận','52404474@student.tdtu.edu.vn','$2b$12$VeQh52Kl3yNvyARogK5lL.RoO5Dx5sDLQFTWmW6NfBXlbLTEYosri','student','2006-03-06','52404474',NULL,NULL),
	 ('Chu Đức Thành Nhân','52400056@student.tdtu.edu.vn','$2b$12$JDfAzRfot3t0aPgFGOMamuvZSbOUaCYfKQ5sDee8kIAmNmZRlafo6','student',NULL,'52400056','[0.9123592,1.5669358,0,0,0,0.5235664,0.49149555,0.2347112,0,0.08114223,0.11379089,0.8565157,0.08795534,0.0009236433,1.1816982,0.587065,0,0,0.0005910737,0.5629086,0.043280765,0,0,1.1540201,0.07407614,0.052282285,0,0.45093647,1.2369064,0.31764883,1.261481,0,1.9184132,1.3282824,0.107934654,0,0.06722733,0.12501325,0.2890378,0.21180795,0,0.67238855,0.30243388,0.16670604,0,0.058468226,0,0.4126002,0.20047419,0.049083117,0.034292337,0.7200416,0,0.07652245,0,0.4201508,0.98158324,1.5719388,1.0912272,0,0,0.409788,0.009490159,0,0,1.6359689,0.05059138,0.018743398,0.025536567,0,0.13055775,1.7770517,1.3516791,0.013092362,0.84191716,0.51543295,0.255971,0.68850815,1.0119289,2.0991013,1.0564616,0.12362071,0.05492297,0.07615381,0,2.673769,0,0,0.41494018,0.06613197,0.37237182,0.057313997,1.7916005,0,0.12969697,0,0.6419999,0.003096308,0.049139217,0.17890674,0.863249,0.014583393,1.1414454,0.31129807,0,0,0.751456,0.6583259,0.035725262,0.15083262,0.055658925,0.31190968,1.7479038,0.26009098,0,0.44974056,0.19102968,0.009073443,0,0.0041540787,0.10990757,0.00060104835,0.16773427,0.07816343,0.14577739,0,0.07697805,0.05435576,1.6876298,0.26117784,2.3233235,0.0039582057,0.08435306,0.48326418,0,0.02285752,0,0.83562064,0.15139553,0.86848634,0.06864995,1.4342834,0.0027351184,0.053250343,0.3569599,0.0971434,1.161763,0,3.0840433,0.08802678,0.88598526,0.1505262,0.1653426,1.8687321,0.45339182,0,1.0821954,0.28476414,0,0.02359113,2.3458748,0,0,1.7500197,4.254126,0.00848267,2.0309594,0.07288524,0.074820235,0.0016060362,0.52764654,0.037182603,0,0.24476337,1.6012107,0.15449859,2.9716113,0.8061827,0.019984849,0.38279328,0.37066862,0.26099837,0.20579357,0.04080493,0,0.12752107,0,0.40751073,0.13727064,0,2.4611757,0.70808107,0.10663283,0.23387472,0.16994923,0,0.03579958,0.043130282,0.3523908,0,0.7662606,0.03239331,0,0,0,0,0.072721325,1.0759774,0.411755,0,0,0.025777886,0.0123225525,1.2109073,0.37414742,0.7841486,0.8218383,0.26738074,0.0058828667,4.2110753,1.3881929,0.008161993,0.09979961,0.24000615,0.73568785,0.7817825,0.65363216,0.9348786,1.7522757,0.19322862,0.28700417,2.6534214,0.24890073,1.3372873,0,0.0068868324,0.27844635,0.2323227,0.022463117,0.5131832,0,0.28574628,0.050333362,0.07623146,0,0,0.036353257,0.12926394,0.5812375,0.15113084,2.8493488,0.31932956,0.059709918,0.087259,0.51180816,0.59020597,0.014667326,0.028350674,0.35556504,0.07691646,0.073599905,1.1968853,0.01773445,0.012379588,0.18519706,0.35596928,1.7100973,0.4433417,0.6340057,0,0,0,0.0051423386,0,0.15577185,0.8816398,0.009872972,1.7436712,0.1447049,0,0,0.1732069,0.01810541,0,0.91506696,0.106815055,0.45479497,0.38037696,0.046508644,0,0.49447477,0.046917662,0.62923026,0.59489584,0,0,0.068715386,0.3776043,0.18270026,0,0,0.11722669,0.46949184,2.4288332,0.029265724,0.43049777,0,0,0.20470679,0.013155373,0.10362243,0,0.12656862,0.12877133,0.3989395,1.22734,0.16434276,0.04324776,0.111510634,0,0.785089,0.074375406,0.13233829,2.148645,0,0,0.16713156,0.44706446,0,0.5918179,0.7798714,0,0.49511734,0.0765406,0,1.1008829,1.3406459,0.13214116,0.62057906,0.14369807,0.4299164,0.9751544,0.4721726,0.28981104,0.002243509,0.16365625,1.9234784,0.23728633,2.5132728,2.4775662,0.07770588,0,0,2.4615831,0.0019570566,0.12634625,0,0.19226673,1.3866236,0,0.91884875,0.8486886,1.3070568,0.3430373,0.8812141,0.8431388,0.635718,0.22946548,0.040286727,0.7592873,0.025877457,0.9234022,0.2200055,0,0.027385965,0,0.1824355,0.18770395,2.0036519,0.223284,0.16314599,0.06596924,0.036718756,0.5539683,0,0,1.0600473,0,0,0.02707058,0.12831274,0,0.02998678,0.45399705,0.16958688,1.0011845,1.0182242,1.1643573,0.021106068,0.030080212,2.1558888,0.019823609,1.4314681,0.068524234,0,0.40557888,0,0,0,0.4077846,0.020015873,0.01827748,0,0.022997389,0,0,0,0.7100462,0.69257325,0,0.0037892594,0.15385547,0.13639109,0.038446058,0.053773742,0.078307316,0,1.17704,1.2679781,0.20913637,0,0,3.3997567,1.9193839,0.07154828,0,0.60973114,0.038723662,3.5093791,1.8883681,0.042117897,0.60909605,1.2498285,0.05062583,1.6891801,1.738976,0.13578771,0,0.6934824,0.0924399,0.10200721,0.18768439,0.0127446605,0.29589495,4.1671114,0.005498954,0.9595141,0.0062227347,0.03667202,0.21503098,1.0313177,0.6375825,0.1518696,1.7301147,0.24488728,0.14292133,0.56597424,0.08708901,0,0.33540225,2.1537118,0,0.1540573,0.0024299426,0,0.037902463,0.95626146,0,0.28148422,0,0.06439377,1.1986688,0.34992537,0,0.19284561,0.046558253,1.3810431,0,0.46633708,0.041782808,0.0995781,0.026996924,0.05592677,0.43398347,0.021720769,0,1.0792577,1.3634276,1.0884575,0.19716278,0.28372332,0.13165167,0.041035604,0.18582566,0,0.93124795,0.22646105,0.005767024,0.47014314,2.699609,0.31844416,0.42750794,1.4449704,0.16193426,0.0033417623,0.3659682,0.016825793,0.2719215,0.63413644,0.4514022,0,0.23190856,0.55496603,1.6261328,0,5.2895246,2.55589,0.10872565,0.2297439,0,0.070418365,0.24341227,0.015175469,0.613233,2.2964914,0.78381294,0.5487347,0,0.015480333,0.02122121,0.025140928,0.4559059,1.2528903,0.25716785,1.1551131,0.26984465,0,0,0.005643251,0.39351767,0.0049368995,0,1.3209401,0.7937569,0.538263,0.00979154,0.03568942,0,0.5320841,1.0343034,1.4998285,1.2412972,0,0.016504502,0,0.049256288,3.8966484,0,0.13510896,0,0.12357616,0.24384238,0,0,0,0.42422146,0.19689167,0,0.14428571,0.5521208,0.11044557,0.554153,0.6509044,0,0.9412489,0.12749477,1.0751063,0,0,1.3855346,0.27134702,0,0.29606825,0.0948654,0,0.09735293,0.44869193,0.010915678,1.2842737,0,0.07662045,0.27802077,0.15864085,0.067640886,0.045891345,0.4733326,1.1242726,0.73594666,0.4669312,0,0.32284135,0.9862201,0.80465436,0.6879679,0.01737221,0.59077185,0.286857,0,0.5803964,0.12386948,0.7415523,0.29480836,0.06401313,0.3052797,0.74256766,0.093066625,0.01548662,0.11245173,0.010178293,1.2488317,0.31168437,0.018564263,0.0014089954,0,0.04194683,0.062416058,0.4228172,0,0.12903321,0.061385095,0,1.2906489,2.9477997,0.35130626,0.38994703,0.022090357,0,0.088477544,0.18165413,0.04714271,0.25008267,0.8497904,0.06881384,0.8579035,0.05131599,0.8406098,0,0.13108782,0,0.06674042,0.0836927,0.25569546,0.13549133,0,0.2857706,0.009784815,0.5321985,0.013096129,1.9342798,2.3039687,0.04118503,0.8926519,0.10316078,0.1822405,3.5100558,0.010669367,0.3038602,0,1.2343323,1.180999,1.3547705,0.15739723,0,0.2480163,0.14367442,0,0.66113406,0.007915731,0.18240885,0.34155825,0.9949814,0,0,1.19074,0.20710388,0,0.24564719,0.41141665,0.16111086,0.27472585,0.12914625,0.28048968,0,1.3467642,0.14342809,1.0571136,0,0,0.010580277,0.09825908,0.17409496,0,0.41597337,1.0161322,0.116886355,0.33286372,0,3.233098,0.11393459,0,0,0.5265015,0.059449818,0,0.07777139,0.030986153,0.014807506,0.007934385,0,0.1595003,1.0597616,0,0.01708416,0.027904617,0.1698534,0.50389254,0.0067918543,0.6565607,0.018845402,0.87987167,0.039356776,0.3126274,0.510211,0,1.3864294,0.5280456,0.54870194,1.9771916,0.010872957,0.33849645,0.15535769,0.061882533,0.34012753,0.0016029513,0.10835504,0.013263186,0.2436156,0.5448037,1.1982219,0.0377097,0.06332548,1.6150615,1.4669099,0.669208,0,0,0,0.14399941,0.30257338,0.020076547,0.11965521,0.56097853,0.5477449,0.2024751,0.3628368,0,0.25746801,0.31156603,0.99143624,0.010186224,0.70002705,0,0.008626695,0.0101346485,0.6929412,0.58187115,0.20194778,2.289617,0.8252132,0,0.34315088,0.10065995,0.273175,1.4543461,1.4875443,0.09422212,0.02238918,0.36426252,0,0,0.014540195,0,0.003478712,0.012689562,0.008842459,0.10490974,0.28147554,2.814868,0.5340301,0.21991947,0.11849711,0,0.45223138,0.007883363,0,0.76346314,0,0.8722908,0.54800105,0.35464284,0.3254988,0.1065592,0,1.0515565,0,0.5146747,0.36195463,3.6251657,0,0.45205858,0.0044327658,0.13114078,0.117120415,0.0032508422,0.017065447,0.64270335,1.0368925,0.09395942,1.3674352,0.03106965,0.1646975,0.03684953,0.03653763,0.21303032,1.8169203,1.834615,0.12902853,0.494282,0,0.038865127,0.2907103,0.33757097,0.33331552,0,0,0,0,0,0.6943621,0,0.24053702,3.3807545,0,0.244356,1.8614337,0.32640332,0.028780675,0,0,0.66095155,0.32491556,0.32664478,0.19658381,0.015053749,0,0.43154767,0.055094056,0.78333735,0.25950626,0,0.8992134,2.0468614,0.6659647,0,0,0.8375954,1.0985228,0,0.33596417,0,0.42350784,0.02791214,1.4613948,0.50289917,2.8445046,0.1677157,0.028877025,1.454363,0.704026,0.08273989,0.10852922,0.39071655,0,0.37539798,0,0.0011600086,0.030993627,0.45374435,0.48377866,0,0,0.23328552,0,0.20426571,0.19545302,0.9490163,0.88051426,0,0,0,0.73712647,0.00539116,0.75145644,0,1.1736686,0.1974947,1.135337,0.14456095,0.043356486,0,0,0.17878735,0.7413583,0.053684216,0.2928579,1.4325955,0.36564174,0.32743862,0.11526149,0.09399154,0.19699618,0,0.04003668,0.21621,0.3810847,0.2507371,0.5072986,0,0.22841543,0.6137658,0,0.2882005,0.5536221,0.07240996,0.2059873,0.029832393,0.0026830167,2.5098686,0.03625901,1.0550026,0.4310344,2.0105984,0.9626213,1.536252,0.00835191,0.008808233,0.82733387,2.978064,0.75881726,0.077128634,0.20019157,0.8687836,0.30427536,0.15490745,1.2631456,0,0.31961933,0.48296052,0,0.5426735,0.13395107,0.11439855,0.64560854,0,0.17858972,0.13947338,0.60671204,0,0.498392,1.1314956,0,0.07870565,0,0.045171972,0.46511865,0,0,0.3196987,0.62345904,0.028101727,0.7820533,0.86954427,0.26407525,1.5286686,1.275921,0.18464604,0.15352623,0.12961213,0.33441597,2.3532422,0,0.17068863,0.0037922761,0,0.013948275,2.5700793,0.5443566,0,1.4023727,0,0.030260943,0.034778878,1.4995846,0.9880892,0,0,0.0015846272,0.45432305,0.12516637,0.05788509,0.20182002,0.09575468,0.047681145,0.10277585,0.058853354,0.26739135,0.011771445,0.0017366312,0.31462094,1.6469945,0.513969,0.37230134,0.35558102,0.010657009,0.7314904,0.04562553,0.16998735,0.18611622,0,0,1.4687369,0.57377416,0.18003328,0,0.012293524,0.020275418,1.0625492,0.49578607,1.279947,0.4682636,0.012613238,1.1373692,0.021535952,0.050404005,0.6378222,1.6489452,0,0.08836976,0.04812482,0.058442786,0.0790814,0.60056305,0.020072294,0.7481459,1.6398115,0.6271043,0.074048996,0.058904335,0.001508849,0,1.9287444,0,0.42729348,0.806293,0,0,0.05842279,0.32366687,0.08554358,0,1.1115017,0.048856355,2.407935,0.9700965,0.40987247,0,0.10019702,0,0.005274987,0,0,0.6402197,0.15161093,0.52993906,0.7870155,0.34805182,0,0.47784972,0,0.58178484,0.11165002,0.055024642,0,0,0,0,0,0.18463832,0,0.0077823913,0.2270757,0.0065606567,0.6040042,0.024592983,0.071975164,0.3287735,0.2067376,1.4836726,0,0.0111734625,0,0,0.30494317,0.56107736,0,0,2.4241092,0.040673345,0,0,0.04106149,0.042746738,0,0.018326934,1.7369945,0.19123858,0.109658666,0.004812046,0,0.5698165,0.9914493,0,0,0.43177018,0.358807,0.44996455,0.11026048,0,0.14656511,0.044852685,0.19998123,0.3095426,0.83792365,0.67759097,0.6394939,0,0.07629849,0,0,2.2931094,2.4043095,0.035030812,0.6543887,0.027962616,1.0165254,0,0.038005516,0,0.010295868,1.6890031,0.04924602,0.79598624,1.7576529,0.91149503,0.0016759561,0.6885529,0.9364037,0,2.6813815,0.72745734,0,0.9042153,0,0.54824245,1.1690065,0.09655317,0.76676255,0,0.28399584,0.0966583,0.00042416126,0.4169188,0.050304607,0,0.5891018,0.054101128,0.1909133,0.12789464,2.1526322,0.82252103,0.7367008,0,0.36971757,0.67478615,0.12439242,0.19284275,0.12905908,0,1.3438805,0.6553612,2.2380013,0.01673388,0.04980942,0.14245753,0.041453827,0.1635821,0.26770043,1.2834004,0.30888882,0.034717247,1.9543886,1.1219499,0,0.112746134,1.0092905,2.1121597,0.14225711,0.18546066,0,0.15493084,0,0.9254674,0.7605542,0.057739414,0,0.24090292,0.20985913,0.01879399,0,0.016404988,0,0.06211853,0.39824376,0.58939755,0.07052642,0.10063169,0.44004813,0,0,3.5564475,0.0014197972,0.11733436,0,0.39006186,1.608783,0.113046356,0,1.217539,0,0.23579559,0.027074581,1.1088523,2.8686602,0.62794006,0,1.8687937,0,0.4509699,1.9647795,0.31091794]'::public.vector,'static/uploads/avatar\52400056.jpg');

INSERT INTO public.courses ("name",teacher_id,total_sessions,absence_limit) VALUES
	 ('Thực hành Lập trình Web',11,15,3);

INSERT INTO public.enrollments (student_id,course_id,is_banned) VALUES
	 (13,1,false),
	 (17,1,false),
	 (23,1,false),
	 (18,1,true),
	 (20,1,true),
	 (21,1,true);


INSERT INTO public.sessions (course_id,"date",start_time,late_threshold_time,is_closed) VALUES
	 (1,'2026-04-26 00:00:00','07:00:00','07:15:00',true),
	 (1,'2026-04-28 00:00:00','07:00:00','07:15:00',true),
	 (1,'2026-04-23 00:00:00','00:05:00','07:15:00',true),
	 (1,'2026-04-28 00:00:00','07:00:00','07:15:00',true),
	 (1,'2026-04-27 00:00:00','07:00:00','07:15:00',true);

INSERT INTO public.attendance_records (session_id,student_id,check_in_time,status) VALUES
	 (1,13,'2026-04-25 17:34:58.001402','PRESENT'::public."attendancestatus"),
	 (1,18,'2026-04-25 17:43:32.336732','ABSENT'::public."attendancestatus"),
	 (1,20,'2026-04-25 17:43:32.336732','ABSENT'::public."attendancestatus"),
	 (1,21,'2026-04-25 17:43:32.336732','ABSENT'::public."attendancestatus"),
	 (1,17,'2026-04-25 17:43:32.336732','PRESENT'::public."attendancestatus"),
	 (2,13,'2026-04-25 20:45:45.595319','PRESENT'::public."attendancestatus"),
	 (2,17,'2026-04-25 20:45:49.792381','ABSENT'::public."attendancestatus"),
	 (2,18,'2026-04-25 20:45:49.792381','ABSENT'::public."attendancestatus"),
	 (2,20,'2026-04-25 20:45:49.792381','ABSENT'::public."attendancestatus"),
	 (2,21,'2026-04-25 20:45:49.792381','ABSENT'::public."attendancestatus");
INSERT INTO public.attendance_records (session_id,student_id,check_in_time,status) VALUES
	 (3,13,'2026-04-25 20:47:19.995443','PRESENT'::public."attendancestatus"),
	 (3,18,'2026-04-25 20:47:23.440156','ABSENT'::public."attendancestatus"),
	 (3,20,'2026-04-25 20:47:23.440156','ABSENT'::public."attendancestatus"),
	 (3,21,'2026-04-25 20:47:23.440156','ABSENT'::public."attendancestatus"),
	 (4,13,'2026-04-25 20:47:42.008399','PRESENT'::public."attendancestatus"),
	 (4,18,'2026-04-25 20:47:47.272923','ABSENT'::public."attendancestatus"),
	 (4,20,'2026-04-25 20:47:47.272923','ABSENT'::public."attendancestatus"),
	 (4,21,'2026-04-25 20:47:47.272923','ABSENT'::public."attendancestatus"),
	 (4,17,'2026-04-25 20:47:47.272923','PRESENT'::public."attendancestatus"),
	 (5,18,'2026-04-25 20:52:53.918821','ABSENT'::public."attendancestatus");
INSERT INTO public.attendance_records (session_id,student_id,check_in_time,status) VALUES
	 (5,20,'2026-04-25 20:52:53.918821','ABSENT'::public."attendancestatus"),
	 (5,21,'2026-04-25 20:52:53.918821','ABSENT'::public."attendancestatus"),
	 (5,13,'2026-04-25 20:52:53.918821','PRESENT'::public."attendancestatus"),
	 (1,23,'2026-04-26 04:27:20.937637','ABSENT'::public."attendancestatus"),
	 (3,17,'2026-04-25 20:47:23.440156','ABSENT'::public."attendancestatus"),
	 (5,17,'2026-04-25 20:52:53.918821','PRESENT'::public."attendancestatus"),
	 (4,23,'2026-04-26 04:45:32.898805','PRESENT'::public."attendancestatus"),
	 (2,23,'2026-04-26 04:37:22.235047','PRESENT'::public."attendancestatus"),
	 (5,23,'2026-04-26 04:38:03.692777','PRESENT'::public."attendancestatus"),
	 (3,23,'2026-04-26 04:37:48.790886','LATE'::public."attendancestatus");

SELECT setval('public.users_id_seq', (SELECT MAX(id) FROM public.users));
SELECT setval('public.courses_id_seq', (SELECT MAX(id) FROM public.courses));
SELECT setval('public.sessions_id_seq', (SELECT MAX(id) FROM public.sessions));